[
  {
    "img": "HIPPOC.png"
  },
  {
    "img": "Home and Living.png"
  },
  {
    "img": "ILIOS.png"
  },
  {
    "img": "DIO.png"
  },
  {
    "img": "Melandas.png"
  },
  {
    "img": "HIPPOC.png"
  },
  {
    "img": "Home and Living.png"
  },
  {
    "img": "ILIOS.png"
  },
  {
    "img": "DIO.png"
  },
  {
    "img": "Melandas.png"
  },
  {
    "img": "HIPPOC.png"
  },
  {
    "img": "Home and Living.png"
  },
  {
    "img": "ILIOS.png"
  },
  {
    "img": "DIO.png"
  },
  {
    "img": "Melandas.png"
  }
]
